{"cameraMode":{"drawMode":0,"name":"Shaded","section":"Shading Mode"},"sceneLighting":true,"audioPlay":false,"sceneViewState":{"showFog":true,"showMaterialUpdate":false,"showSkybox":true,"showFlares":true,"showImageEffects":true,"showParticleSystems":true},"in2DMode":false,"pivot":{"x":39.45315170288086,"y":-19.848140716552736,"z":-34.929683685302737},"rotation":{"x":-0.2975553870201111,"y":-0.6125590205192566,"z":0.2675003707408905,"w":-0.6818283200263977},"size":68.88877868652344,"orthographic":false}