{"cameraMode":{"drawMode":0,"name":"Shaded","section":"Shading Mode"},"sceneLighting":true,"audioPlay":false,"sceneViewState":{"showFog":true,"showMaterialUpdate":false,"showSkybox":true,"showFlares":true,"showImageEffects":true,"showParticleSystems":true},"in2DMode":false,"pivot":{"x":23.700000762939454,"y":5.900000095367432,"z":-26.700000762939454},"rotation":{"x":-0.26472708582878115,"y":0.01698172837495804,"z":-0.0042182463221251968,"w":-0.9643686413764954},"size":14.157596588134766,"orthographic":false}