{"cameraMode":{"drawMode":0,"name":"Shaded","section":"Shading Mode"},"sceneLighting":false,"audioPlay":false,"sceneViewState":{"showFog":true,"showMaterialUpdate":false,"showSkybox":false,"showFlares":true,"showImageEffects":true,"showParticleSystems":true},"in2DMode":false,"pivot":{"x":2.0699996948242189,"y":-0.5899999737739563,"z":-2.998668670654297},"rotation":{"x":-0.1809440404176712,"y":-0.31612253189086916,"z":0.06155351921916008,"w":-0.9292696714401245},"size":70.71067810058594,"orthographic":false}