{"cameraMode":{"drawMode":0,"name":"Shaded","section":"Shading Mode"},"sceneLighting":false,"audioPlay":false,"sceneViewState":{"showFog":true,"showMaterialUpdate":false,"showSkybox":false,"showFlares":true,"showImageEffects":true,"showParticleSystems":true},"in2DMode":false,"pivot":{"x":24.600000381469728,"y":6.400000095367432,"z":-70.99949645996094},"rotation":{"x":-0.1961958110332489,"y":0.6620678901672363,"z":-0.180454820394516,"w":-0.7009657025337219},"size":5.721101760864258,"orthographic":false}