{"cameraMode":{"drawMode":0,"name":"Shaded","section":"Shading Mode"},"sceneLighting":false,"audioPlay":false,"sceneViewState":{"showFog":true,"showMaterialUpdate":false,"showSkybox":false,"showFlares":true,"showImageEffects":true,"showParticleSystems":true},"in2DMode":false,"pivot":{"x":0.10280311107635498,"y":2.2056915760040285,"z":0.7240510582923889},"rotation":{"x":-0.027761900797486306,"y":-0.7553302645683289,"z":0.03270459175109863,"w":-0.6542413234710693},"size":0.47320497035980227,"orthographic":false}