{"cameraMode":{"drawMode":0,"name":"Shaded","section":"Shading Mode"},"sceneLighting":false,"audioPlay":false,"sceneViewState":{"showFog":true,"showMaterialUpdate":false,"showSkybox":false,"showFlares":true,"showImageEffects":true,"showParticleSystems":true},"in2DMode":false,"pivot":{"x":24.579120635986329,"y":6.487037658691406,"z":-70.42948913574219},"rotation":{"x":-0.1961958110332489,"y":0.6620678901672363,"z":-0.180454820394516,"w":-0.7009657025337219},"size":2.6143577098846437,"orthographic":false}