{"cameraMode":{"drawMode":0,"name":"Shaded","section":"Shading Mode"},"sceneLighting":true,"audioPlay":false,"sceneViewState":{"showFog":true,"showMaterialUpdate":false,"showSkybox":true,"showFlares":true,"showImageEffects":true,"showParticleSystems":true},"in2DMode":false,"pivot":{"x":16.055652618408204,"y":7.8693318367004398,"z":-40.875614166259769},"rotation":{"x":-0.25241631269454958,"y":0.5324079394340515,"z":-0.17013627290725709,"w":-0.789861798286438},"size":1.6311111450195313,"orthographic":false}