{"cameraMode":{"drawMode":0,"name":"Shaded","section":"Shading Mode"},"sceneLighting":true,"audioPlay":false,"sceneViewState":{"showFog":true,"showMaterialUpdate":false,"showSkybox":true,"showFlares":true,"showImageEffects":true,"showParticleSystems":true},"in2DMode":false,"pivot":{"x":8.349967956542969,"y":8.031523704528809,"z":-34.09033966064453},"rotation":{"x":-0.14363986253738404,"y":-0.6769749522209168,"z":0.13787347078323365,"w":-0.7088372111320496},"size":0.8305284380912781,"orthographic":false}