{"cameraMode":{"drawMode":0,"name":"Shaded","section":"Shading Mode"},"sceneLighting":true,"audioPlay":false,"sceneViewState":{"showFog":true,"showMaterialUpdate":false,"showSkybox":true,"showFlares":true,"showImageEffects":true,"showParticleSystems":true},"in2DMode":false,"pivot":{"x":4.436460971832275,"y":5.881295204162598,"z":-23.88456916809082},"rotation":{"x":-0.009037725627422333,"y":-0.5811132192611694,"z":0.006966291926801205,"w":-0.8139797449111939},"size":1.7660284042358399,"orthographic":false}