{"cameraMode":{"drawMode":0,"name":"Shaded","section":"Shading Mode"},"sceneLighting":true,"audioPlay":false,"sceneViewState":{"showFog":true,"showMaterialUpdate":false,"showSkybox":true,"showFlares":true,"showImageEffects":true,"showParticleSystems":true},"in2DMode":false,"pivot":{"x":2.7521839141845705,"y":20.435544967651368,"z":-26.36334800720215},"rotation":{"x":-0.2637862265110016,"y":-0.45356032252311709,"z":0.14511984586715699,"w":-0.8392205238342285},"size":16.102983474731447,"orthographic":false}