{"cameraMode":{"drawMode":0,"name":"Shaded","section":"Shading Mode"},"sceneLighting":true,"audioPlay":false,"sceneViewState":{"showFog":true,"showMaterialUpdate":false,"showSkybox":true,"showFlares":true,"showImageEffects":true,"showParticleSystems":true},"in2DMode":false,"pivot":{"x":-112.36795043945313,"y":-9.608202934265137,"z":-138.139892578125},"rotation":{"x":0.017374657094478608,"y":-0.9135188460350037,"z":0.039212729781866077,"w":0.4046710729598999},"size":84.19347381591797,"orthographic":false}